petall,petalw,sepall,sepalw,class
0.6610169491525424,0.5833333333333334,0.5555555555555555,0.20833333333333331,Iris-versicolor
0.06779661016949151,0.04166666666666667,0.22222222222222213,0.6249999999999999,Iris-setosa
0.847457627118644,1.0,0.5555555555555555,0.5416666666666665,Iris-virginica
0.6949152542372881,0.75,0.41666666666666663,0.2916666666666667,Iris-virginica
0.8983050847457626,0.7083333333333334,0.8333333333333333,0.3749999999999999,Iris-virginica
0.8135593220338982,0.7083333333333334,0.6666666666666666,0.20833333333333331,Iris-virginica
0.6779661016949152,0.5833333333333334,0.4722222222222222,0.0833333333333334,Iris-virginica
0.6949152542372881,0.5833333333333334,0.5555555555555555,0.3333333333333332,Iris-virginica
